accuracy,balanced_accuracy,precision,recall,f1,specificity,kappa,roc_auc,pr_auc,log_loss,brier_score,Model,FeatureSelection,NumFeatures,overall_score,metrics_used,Rank
0.914966288,0.920124004,0.964747956,0.882880075,0.922000244,0.957367933,0.828940626,0.976803136,,0.225716254,0.065527652,gradient_boosting,anova,20,0.964914362,10,1
0.895715046,0.903740564,0.96686264,0.845788202,0.90228189,0.961692926,0.791547898,0.971635735,,0.33201078,0.082355562,gradient_boosting,extra_trees,20,0.927291112,10,2
0.8942956,0.901378969,0.959461836,0.850229876,0.901549267,0.952528061,0.788331149,0.976384331,,0.236590043,0.075049214,gradient_boosting,logistic_l1,20,0.91888788,10,3
0.876463804,0.887983421,0.973604827,0.804800125,0.881191075,0.971166718,0.754926847,0.981711371,,0.283362486,0.083188384,random_forest,anova,20,0.902773104,10,4
0.889726757,0.898292798,0.965200971,0.83643731,0.896217751,0.960148285,0.779861901,0.951202802,,1.516383762,0.087918929,extra_trees,logistic_l1,20,0.901765401,10,5
0.88773066,0.896677291,0.965985164,0.83207356,0.894042785,0.961281022,0.776061093,0.955302323,,1.291244265,0.086702104,random_forest,logistic_l1,20,0.901346921,10,6
0.896646558,0.903982573,0.963136079,0.851009117,0.90360748,0.956956029,0.793122826,0.927665939,,2.645434521,0.09441093,knn,logistic_l1,20,0.898907771,10,7
0.903122782,0.903558368,0.927293155,0.900412998,0.913655412,0.906703738,0.803373294,,,,,sgd,logistic_l1,20,0.883357435,7,8
0.903344571,0.904229164,0.929943503,0.897841502,0.913610594,0.910616826,0.803996952,0.956037001,,0.528506642,0.170189094,adaboost,logistic_l1,20,0.882877566,10,9
0.88773066,0.897929886,0.974571587,0.82428115,0.89314814,0.971578622,0.776608532,0.899695925,,3.957254557,0.110903423,decision_tree,anova,20,0.878558057,10,10
0.861027324,0.874562413,0.973725337,0.776825372,0.864201812,0.972299454,0.72554122,0.978278534,,0.359142594,0.094165221,extra_trees,anova,20,0.870821601,10,11
0.862890348,0.875785463,0.970809975,0.78266968,0.866646534,0.968901246,0.728865283,0.974237663,,0.379194097,0.104262806,gradient_boosting,mutual_information,20,0.868451073,10,12
0.893452803,0.894225402,0.921386443,0.888646458,0.904720349,0.899804346,0.783972881,,,,,sgd,anova,20,0.854037736,7,13
0.854817246,0.868331117,0.967618861,0.770747292,0.858035133,0.965914942,0.713332508,0.972462127,,0.388041654,0.105584204,gradient_boosting,random_forest,20,0.848529392,10,14
0.869455287,0.881764788,0.972753346,0.792877737,0.873653029,0.970651838,0.741489479,0.906703273,,3.590603301,0.115085298,decision_tree,logistic_l1,20,0.845279667,10,15
0.883383605,0.886683715,0.927231619,0.862853581,0.893884965,0.91051385,0.764831435,0.932171571,,0.446020381,0.093501375,logistic_regression,logistic_l1,20,0.840233254,10,16
0.849095103,0.863380168,0.967761135,0.760227538,0.851531815,0.966532798,0.702542691,0.972969456,,0.38503312,0.10640902,gradient_boosting,variance,122,0.837860373,10,17
0.872382896,0.877421957,0.928030954,0.841034832,0.882393819,0.913809082,0.743638238,,,,,sgd,mutual_information,20,0.817389952,7,18
0.831884315,0.849189813,0.97370351,0.724226603,0.830637233,0.974153022,0.670754384,0.977800285,,0.372567344,0.113438598,random_forest,extra_trees,20,0.812655432,10,19
0.86226934,0.875465461,0.972416472,0.780176108,0.865752951,0.970754814,0.727802564,0.875465461,,4.964316172,0.13773066,decision_tree,variance,122,0.812341716,10,20
0.830154365,0.847707871,0.973894737,0.720953791,0.82854968,0.97446195,0.667546349,0.981265717,,0.409252942,0.120079913,random_forest,mutual_information,20,0.810200169,10,21
0.827049326,0.84488032,0.972898581,0.716122497,0.824992145,0.973638142,0.66168825,0.982529053,,0.374680511,0.1246132,random_forest,random_forest,20,0.803268507,10,22
0.862091909,0.869334734,0.932331496,0.817034209,0.870883342,0.921635259,0.724271894,,,,,sgd,random_forest,20,0.800673736,7,23
0.82753726,0.845246272,0.972430548,0.717369282,0.825650224,0.973123262,0.662557557,0.97250523,,0.403336561,0.125482334,extra_trees,extra_trees,20,0.799460043,10,24
0.865330021,0.870475434,0.922612372,0.833320346,0.875696037,0.907630522,0.729600306,0.924383498,,0.50394094,0.106552319,logistic_regression,anova,20,0.796563605,10,25
0.864487225,0.869584844,0.9216109,0.832774877,0.874943714,0.90639481,0.727891301,0.940753433,,0.512863979,0.163155214,adaboost,anova,20,0.795212173,10,26
0.823988644,0.84175353,0.96919657,0.713473077,0.821903052,0.970033982,0.655697062,0.978859206,,0.376249962,0.121861153,extra_trees,mutual_information,20,0.791990478,10,27
0.823234564,0.841066123,0.968942124,0.712304216,0.821035613,0.96982803,0.65427598,0.978527809,,0.458686546,0.129237609,extra_trees,random_forest,20,0.789186481,10,28
0.827138041,0.844281842,0.967559648,0.720486246,0.82594131,0.968077438,0.661414253,0.954906002,,0.518296852,0.166769885,adaboost,mutual_information,20,0.781990895,10,29
0.846167495,0.862474624,0.980305672,0.744720642,0.846426357,0.980228607,0.697986023,0.862474624,,5.544685502,0.153832505,decision_tree,random_forest,20,0.781788258,10,30
0.850026615,0.858035603,0.926303446,0.800202603,0.858647937,0.915868603,0.700737089,0.934002426,,0.551090658,0.123484002,logistic_regression,mutual_information,20,0.774371123,10,31
0.844215756,0.85399628,0.932127955,0.783370997,0.851299856,0.924621563,0.690284586,0.944802959,,0.560585689,0.129184429,logistic_regression,random_forest,20,0.773959774,10,32
0.855482612,0.864255893,0.93598033,0.80090392,0.86318972,0.927607867,0.711994884,0.887270457,,4.104528412,0.132404187,knn,anova,20,0.765587981,10,33
0.81307665,0.831980976,0.966850829,0.69547261,0.809010152,0.968489342,0.63529826,0.95704138,,0.522766763,0.168787143,adaboost,random_forest,20,0.754542152,10,34
0.803317956,0.823947941,0.970532213,0.674978571,0.796212887,0.97291731,0.617660521,0.978422526,,0.361832391,0.123231821,random_forest,variance,122,0.75284417,10,35
0.803983322,0.824519845,0.970476403,0.676225357,0.79706085,0.972814334,0.618876586,0.972320911,,0.39223216,0.128488581,extra_trees,variance,122,0.751034619,10,36
0.834368346,0.844757985,0.926902505,0.769734279,0.84103874,0.919781691,0.671220857,0.953738809,,0.520235334,0.166950543,adaboost,extra_trees,20,0.749554419,10,37
0.827315472,0.845477344,0.97583564,0.714330242,0.824852657,0.976624447,0.662419797,0.867840426,,5.274342695,0.161628815,knn,random_forest,20,0.742564499,10,38
0.838449255,0.847979241,0.925233645,0.779163095,0.845939086,0.916795387,0.678733859,,,,,sgd,extra_trees,20,0.738695868,7,39
0.834634493,0.850177501,0.962887646,0.737941245,0.835539086,0.962413758,0.675006611,0.850177501,,5.960377033,0.165365507,decision_tree,extra_trees,20,0.732806357,10,40
0.843993967,0.852924653,0.926556777,0.788436063,0.851934492,0.917413243,0.689331445,0.883329529,,3.050276511,0.152074254,naive_bayes,logistic_l1,20,0.732685001,10,41
0.82908978,0.840008767,0.925350512,0.761162628,0.835264441,0.918854907,0.661160192,,,,,sgd,variance,122,0.718021469,7,42
0.827226757,0.838234576,0.924164768,0.75874698,0.833326201,0.917722171,0.657550047,0.91219967,,0.82369729,0.150320488,logistic_regression,variance,122,0.716612505,10,43
0.822746629,0.834236779,0.923025371,0.751266267,0.828335768,0.917207291,0.649058924,0.921399376,,0.759769023,0.149333336,logistic_regression,extra_trees,20,0.710804263,10,44
0.793115685,0.814310267,0.963989549,0.661263929,0.784433352,0.967356606,0.598412898,0.937116088,,1.702954723,0.160098439,extra_trees,chi2,20,0.701543047,10,45
0.824299148,0.839258029,0.948261924,0.731239772,0.825729245,0.947276285,0.654440044,0.857584825,,5.491314601,0.165990064,knn,mutual_information,20,0.700866034,10,46
0.806777857,0.820611271,0.92296178,0.720720019,0.809398792,0.920502523,0.619405244,0.952099454,,0.525096589,0.168972679,adaboost,variance,122,0.691554565,10,47
0.78105039,0.803787745,0.963493368,0.639601029,0.768827276,0.967974462,0.576427122,0.953503693,,0.521165922,0.165238936,gradient_boosting,chi2,20,0.686859921,10,48
0.773820085,0.797537139,0.963669065,0.626276007,0.75917442,0.96879827,0.563368408,0.951953849,,1.185091519,0.163497558,random_forest,chi2,20,0.670276306,10,49
0.805580199,0.825935005,0.970699643,0.6789527,0.799027924,0.97291731,0.621827889,0.825935005,,7.007599929,0.194419801,decision_tree,mutual_information,20,0.669337899,10,50
0.814363023,0.828050391,0.929479539,0.729213746,0.817256888,0.926887035,0.634137886,0.847973644,,5.760068175,0.173757984,knn,extra_trees,20,0.65526032,10,51
0.799281405,0.819588207,0.963409192,0.672952544,0.792402624,0.96622387,0.609631879,0.826007132,,6.929512232,0.197052001,decision_tree,chi2,20,0.649055545,10,52
0.786373314,0.803803537,0.927208782,0.677939687,0.783219301,0.929667387,0.582437316,0.92561121,,4.962582343,0.209858176,naive_bayes,random_forest,20,0.629250803,10,53
0.80207594,0.812986553,0.899646711,0.734200888,0.808547155,0.891772217,0.607999871,0.919629947,,4.662786917,0.192512381,naive_bayes,extra_trees,20,0.628584807,10,54
0.794845635,0.811257815,0.928750522,0.692745266,0.793572863,0.929770364,0.598085551,0.851120964,,5.613439149,0.187120298,knn,variance,122,0.617305351,10,55
0.794135912,0.806450754,0.900625978,0.717525131,0.798716225,0.895376377,0.59350562,0.926695286,,4.595585005,0.202703755,naive_bayes,anova,20,0.616689315,10,56
0.775372605,0.794516727,0.928044077,0.656276786,0.768851561,0.932756668,0.562552677,0.924299788,,5.32215422,0.220887131,naive_bayes,mutual_information,20,0.606097764,10,57
0.771380412,0.789494502,0.916115747,0.658692434,0.766364461,0.920296571,0.553967095,0.928087858,,0.541170275,0.176985078,adaboost,chi2,20,0.604910942,10,58
0.792849539,0.808652758,0.922384353,0.69453752,0.792407539,0.922767995,0.593730114,0.831394222,,6.315570297,0.19566714,knn,chi2,20,0.595493349,10,59
0.777279986,0.792496939,0.902348578,0.682615133,0.777250344,0.902378746,0.562957687,,,,,sgd,chi2,20,0.571113309,7,60
0.760335344,0.778828453,0.906811213,0.645289488,0.754017756,0.912367418,0.532950112,0.915211275,,0.620713592,0.170631419,logistic_regression,chi2,20,0.568257424,10,61
0.754746274,0.774608162,0.910521583,0.631185226,0.745547425,0.918031099,0.523404788,0.908483507,,5.556009807,0.239331212,naive_bayes,chi2,20,0.537727925,10,62
0.564895316,0.616956951,0.978178368,0.241019247,0.386745858,0.992894656,0.208639616,0.814757663,,15.64795672,0.43501848,naive_bayes,variance,122,0.111538427,10,63
