accuracy,balanced_accuracy,precision,recall,f1,specificity,kappa,roc_auc,pr_auc,log_loss,brier_score,Model,BalancedMethod,overall_score,metrics_used,Rank
0.900727466,0.908318639,0.968349394,0.853502688,0.907306163,0.96313459,0.801359755,0.969097822,,0.283899217,0.072421309,gradient_boosting,svm_smote,0.962568738,10,1
0.899086231,0.906601472,0.966425163,0.852333827,0.905801002,0.960869117,0.798058337,0.963818373,,0.301965807,0.075380819,gradient_boosting,adasyn,0.953920741,10,2
0.893852023,0.902104158,0.966738197,0.84251539,0.900362243,0.961692926,0.78793332,0.968859002,,0.295216909,0.075425946,gradient_boosting,borderline_smote,0.946107242,10,3
0.888041164,0.897664005,0.970859596,0.828177355,0.893860387,0.967150654,0.776972845,0.976412841,,0.332945811,0.088106046,gradient_boosting,nearmiss,0.942686471,10,4
0.870298084,0.88202908,0.969398389,0.797319411,0.874978622,0.96673875,0.742861269,0.973956523,,0.353518913,0.096092747,gradient_boosting,random_under,0.903427802,10,5
0.868124556,0.880094888,0.969077069,0.793656978,0.872638478,0.966532798,0.738695375,0.974445003,,0.366441766,0.10003603,gradient_boosting,smote_tomek,0.898391853,10,6
0.861071682,0.8739375,0.968873852,0.781033274,0.864871861,0.966841726,0.725272204,0.970342922,,0.385200733,0.103972505,gradient_boosting,enn,0.881957309,10,7
0.858720724,0.871822407,0.968349515,0.777214993,0.862317901,0.966429822,0.720775867,0.969928952,,0.388913266,0.105012613,gradient_boosting,smote_enn,0.876189307,10,8
0.865241306,0.877211628,0.966384154,0.790773786,0.86980372,0.96364947,0.733011605,0.958635289,,0.52966587,0.170596379,adaboost,borderline_smote,0.875165849,10,9
0.854462385,0.868094576,0.968143501,0.769656355,0.857564576,0.966532798,0.712701518,0.973556659,,0.367189104,0.100818266,gradient_boosting,smote,0.869249681,10,10
0.853841377,0.86751153,0.96782421,0.76879919,0.856907109,0.96622387,0.711503605,0.970909511,,0.376629318,0.103800544,gradient_boosting,random_over,0.866166306,10,11
0.874467708,0.886004662,0.97188414,0.802696174,0.879224991,0.96931315,0.750994268,0.886004662,,4.524642437,0.125532292,decision_tree,enn,0.865593351,10,12
0.850204045,0.864341693,0.967748318,0.762253565,0.852796304,0.966429822,0.704632027,0.974119168,,0.379398844,0.104674315,gradient_boosting,tomek,0.859940698,10,13
0.849095103,0.863380168,0.967761135,0.760227538,0.851531815,0.966532798,0.702542691,0.972958792,,0.38506712,0.106411077,gradient_boosting,class_weight,0.857095303,10,14
0.870298084,0.882191918,0.970557508,0.796306398,0.874839483,0.968077438,0.742942663,0.882191918,,4.674930913,0.129701916,decision_tree,nearmiss,0.852917261,10,15
0.86825763,0.880387137,0.970338579,0.792799813,0.872630586,0.967974462,0.739038462,0.880387137,,4.748476338,0.13174237,decision_tree,tomek,0.847392041,10,16
0.83853797,0.854733498,0.971774607,0.737785397,0.838766832,0.971681598,0.68303018,0.979562902,,0.321650868,0.10595098,random_forest,adasyn,0.844709046,10,17
0.836453158,0.853002489,0.972417355,0.733499571,0.836227957,0.972505406,0.679181174,0.979924738,,0.326458746,0.108958401,random_forest,borderline_smote,0.841301329,10,18
0.864176721,0.876815155,0.97016649,0.785552872,0.868153634,0.968077438,0.731262187,0.876815155,,4.895567188,0.135823279,decision_tree,class_weight,0.836753104,10,19
0.86169269,0.874996532,0.97265739,0.778929323,0.865080052,0.971063742,0.726725964,0.874996532,,4.985100748,0.13830731,decision_tree,smote_tomek,0.834347625,10,20
0.831751242,0.848809882,0.971619366,0.725629237,0.830798055,0.971990526,0.670339094,0.975482178,,0.371162506,0.114082526,extra_trees,adasyn,0.8282227,10,21
0.829444642,0.846808907,0.971662469,0.721421336,0.828048835,0.972196478,0.666044713,0.981692534,,0.332102775,0.108766142,random_forest,svm_smote,0.826686202,10,22
0.872782115,0.877647356,0.92735226,0.84251539,0.882900539,0.912779322,0.744348716,,,,,sgd,borderline_smote,0.822264816,7,23
0.872515969,0.87730085,0.926655814,0.842749162,0.882713026,0.911852538,0.743775926,,,,,sgd,svm_smote,0.820363568,7,24
0.839025905,0.854210108,0.964566929,0.744564794,0.84040635,0.963855422,0.683365664,0.955907304,,0.514712381,0.164406121,adaboost,enn,0.819465309,10,25
0.826472676,0.844210975,0.971561476,0.716122497,0.824511035,0.972299454,0.660507223,0.974830976,,0.357476112,0.114572704,extra_trees,borderline_smote,0.81716765,10,26
0.85397445,0.86820461,0.972093023,0.765448453,0.856482692,0.970960766,0.712076981,0.86820461,,5.263294311,0.14602555,decision_tree,smote,0.813787382,10,27
0.854329312,0.868228209,0.96997736,0.7678641,0.857167711,0.968592318,0.71258869,0.868228209,,5.250503803,0.145670688,decision_tree,smote_enn,0.811386391,10,28
0.852909865,0.86726952,0.972026585,0.763578275,0.855284979,0.970960766,0.710062188,0.86726952,,5.301665837,0.147090135,decision_tree,random_under,0.810966179,10,29
0.822480483,0.840691865,0.971187707,0.709187252,0.819762205,0.972196478,0.653063721,0.974977296,,0.370734819,0.119200207,extra_trees,svm_smote,0.808085092,10,30
0.820173882,0.838640786,0.970824842,0.705291047,0.817024734,0.971990526,0.648758209,0.972257058,,0.39332591,0.122442305,extra_trees,nearmiss,0.801406461,10,31
0.848341022,0.86313117,0.970794159,0.756331333,0.850247471,0.969931006,0.701356419,0.86313117,,5.466343636,0.151658978,decision_tree,random_over,0.797375269,10,32
0.85610362,0.863210566,0.926215664,0.811891218,0.86529358,0.914529915,0.712288538,0.934699065,,0.648308827,0.121588599,logistic_regression,svm_smote,0.789854482,10,33
0.8113467,0.830962494,0.970807726,0.689316606,0.806197311,0.972608382,0.632447212,0.98055636,,0.343885224,0.117659076,random_forest,nearmiss,0.787257298,10,34
0.850736338,0.858821833,0.927410618,0.800436375,0.85925802,0.917207291,0.702189803,0.953980265,,0.519920094,0.166243809,adaboost,svm_smote,0.785011832,10,35
0.8352555,0.853365946,0.983663944,0.722590197,0.833153639,0.984141695,0.677814045,0.853365946,,5.937993643,0.1647445,decision_tree,svm_smote,0.78362378,10,36
0.812766146,0.831996338,0.969165396,0.693134887,0.808232248,0.97085779,0.634924345,0.970706247,,0.404345149,0.120774735,extra_trees,enn,0.783368778,10,37
0.851534776,0.85946052,0.927143372,0.802228629,0.860174625,0.916692411,0.703681156,0.932706187,,0.701855275,0.127721181,logistic_regression,borderline_smote,0.780820337,10,38
0.806999645,0.827156739,0.970594763,0.68160212,0.800823987,0.972711358,0.624427346,0.979859745,,0.345741425,0.117819298,random_forest,enn,0.777753605,10,39
0.808463449,0.828367331,0.970078392,0.68464116,0.802740978,0.972093502,0.627075259,0.972329052,,0.405062919,0.127200155,extra_trees,smote,0.775953903,10,40
0.807443222,0.827496256,0.97021041,0.682693057,0.801445364,0.972299454,0.62520989,0.9724823,,0.406122352,0.126257165,extra_trees,tomek,0.774205478,10,41
0.85282115,0.860390004,0.926108374,0.805735214,0.861738478,0.915044795,0.706028746,,,,,sgd,adasyn,0.774205301,7,42
0.848828957,0.857083835,0.926740922,0.797475259,0.857262523,0.916692411,0.698506146,0.930395321,,0.712282949,0.130093824,logistic_regression,adasyn,0.773709364,10,43
0.842796309,0.852286034,0.928973862,0.783760617,0.850211327,0.920811451,0.687302185,0.9556513,,0.523170982,0.167830885,adaboost,adasyn,0.772311486,10,44
0.807310149,0.82725411,0.969161048,0.683238526,0.801462523,0.971269694,0.624874631,0.970271807,,0.400129604,0.127874098,extra_trees,random_under,0.771384391,10,45
0.805535841,0.82578331,0.969754253,0.679576093,0.799138642,0.971990526,0.621664758,0.970933347,,0.393359379,0.131308569,extra_trees,smote_tomek,0.768580018,10,46
0.803229241,0.823870016,0.970525608,0.674822723,0.796102225,0.97291731,0.617497198,0.97782579,,0.395881464,0.122048182,random_forest,class_weight,0.768571676,10,47
0.802386444,0.82309216,0.970145903,0.673575937,0.795106471,0.972608382,0.615918508,0.979274949,,0.359764263,0.121116851,random_forest,random_under,0.767055272,10,48
0.800567779,0.821557345,0.970538435,0.669991428,0.792734649,0.973123262,0.612619628,0.978966057,,0.365248454,0.124778541,random_forest,tomek,0.763411289,10,49
0.811878992,0.830565748,0.963830706,0.695628458,0.808056121,0.965503038,0.632825117,0.95459435,,0.519659352,0.166920864,adaboost,tomek,0.762637469,10,50
0.83583215,0.851943456,0.968403775,0.735603522,0.836101147,0.96828339,0.67769889,0.851943456,,5.917209066,0.16416785,decision_tree,borderline_smote,0.761648644,10,51
0.804249468,0.824327735,0.966947649,0.679342321,0.798022793,0.96931315,0.619057372,0.96984992,,0.414678815,0.130130719,extra_trees,random_over,0.76145076,10,52
0.80207594,0.82268164,0.968963585,0.673887633,0.794926004,0.971475646,0.615246108,0.970697276,,0.408810881,0.130870415,extra_trees,class_weight,0.760231133,10,53
0.798305536,0.819482599,0.969621401,0.666562768,0.790025398,0.97240243,0.608398297,0.980682229,,0.351589272,0.12116292,random_forest,smote,0.758483483,10,54
0.84625621,0.854698776,0.925579282,0.793734902,0.854601896,0.915662651,0.693517771,,,,,sgd,smote_enn,0.758112158,7,55
0.798261178,0.819456163,0.969724459,0.66640692,0.78995012,0.972505406,0.608326188,0.978740863,,0.35883014,0.123482527,random_forest,random_over,0.757534352,10,56
0.845147268,0.853799881,0.925875274,0.791319255,0.853325491,0.916280507,0.691446938,,,,,sgd,smote,0.756093114,7,57
0.844481902,0.853227976,0.92585152,0.790072469,0.852589976,0.916383483,0.690185625,,,,,sgd,random_over,0.754513741,7,58
0.796531228,0.817949169,0.96969697,0.663289956,0.787746981,0.972608382,0.605160576,0.979758073,,0.36210729,0.124507751,random_forest,smote_tomek,0.754232373,10,59
0.795289212,0.817021069,0.970999541,0.660095067,0.785916408,0.97394707,0.603005942,0.977354631,,0.441324938,0.128678505,random_forest,smote_enn,0.751992447,10,60
0.830864088,0.847817699,0.96988956,0.725395465,0.830012037,0.970239934,0.668544983,0.847817699,,6.096276188,0.169135912,decision_tree,adasyn,0.751189184,10,61
0.797551455,0.818644881,0.968074267,0.666328996,0.789347365,0.970960766,0.60688263,0.968868094,,0.429192809,0.13462977,extra_trees,smote_enn,0.748503205,10,62
0.841909155,0.850993229,0.925613004,0.785397023,0.849759717,0.916589435,0.685299115,,,,,sgd,tomek,0.74813625,7,63
0.837695174,0.847329412,0.925194661,0.777760461,0.845095466,0.916898363,0.677309162,,,,,sgd,random_under,0.737629058,7,64
0.837739532,0.847355848,0.925122788,0.77791631,0.845157467,0.916795387,0.677385533,,,,,sgd,smote_tomek,0.737601324,7,65
0.835566004,0.84547176,0.924939467,0.77394218,0.842730474,0.917001339,0.67327551,,,,,sgd,nearmiss,0.732235535,7,66
0.830731015,0.841237422,0.924249553,0.765370529,0.837340153,0.917104315,0.664123614,0.911825472,,0.856503586,0.147156903,logistic_regression,smote_enn,0.724787764,10,67
0.829488999,0.840246692,0.924690541,0.762565261,0.835838743,0.917928123,0.661840474,0.912782027,,0.828030763,0.147943631,logistic_regression,enn,0.723397714,10,68
0.829622072,0.840300948,0.924311061,0.763188654,0.836057877,0.917413243,0.662050864,0.912792482,,0.826576674,0.148027843,logistic_regression,smote_tomek,0.723077935,10,69
0.829400284,0.840093612,0.924195223,0.762876958,0.835823444,0.917310267,0.66162331,0.914185976,,0.808809534,0.148379647,logistic_regression,random_under,0.723032108,10,70
0.82908978,0.839820878,0.924145097,0.762331489,0.835475469,0.917310267,0.661036349,0.914855766,,0.81646063,0.148311777,logistic_regression,smote,0.722589423,10,71
0.828912349,0.83966503,0.924116424,0.762019793,0.835276532,0.917310267,0.660700988,0.913560401,,0.821046386,0.148148882,logistic_regression,random_over,0.721682864,10,72
0.831307665,0.841731403,0.924262357,0.766461467,0.83799787,0.917001339,0.665206634,,,,,sgd,enn,0.721137066,7,73
0.829622072,0.840300948,0.924311061,0.763188654,0.836057877,0.917413243,0.662050864,0.905585606,,0.88525785,0.150358295,logistic_regression,nearmiss,0.719831358,10,74
0.818754436,0.83133144,0.926308607,0.740512741,0.823055604,0.922150139,0.641964779,0.952906997,,0.519935412,0.166651514,adaboost,random_over,0.719604614,10,75
0.82908978,0.840008767,0.925350512,0.761162628,0.835264441,0.918854907,0.661160192,,,,,sgd,class_weight,0.71795102,7,76
0.827226757,0.838234576,0.924164768,0.75874698,0.833326201,0.917722171,0.657550047,0.91219967,,0.82369729,0.150320488,logistic_regression,class_weight,0.717668383,10,77
0.836497516,0.847680343,0.934041947,0.766929011,0.842276423,0.928431675,0.675921465,0.860804552,,5.225509828,0.155514549,knn,adasyn,0.717346578,10,78
0.826472676,0.837559695,0.923961601,0.757500195,0.832491222,0.917619195,0.656118205,0.912233075,,0.828152247,0.150941529,logistic_regression,tomek,0.715803979,10,79
0.817201916,0.829817457,0.925058548,0.738720486,0.821454876,0.920914427,0.638946102,0.952350367,,0.522350724,0.167874904,adaboost,nearmiss,0.714265658,10,80
0.829311568,0.841393543,0.933179057,0.754149458,0.834166523,0.928637627,0.662360617,0.85743404,,5.359351602,0.161980128,knn,borderline_smote,0.69941354,10,81
0.827803407,0.840118937,0.933294607,0.751188343,0.832397893,0.929049531,0.659551065,0.857425318,,5.365389536,0.162702271,knn,svm_smote,0.696499543,10,82
0.809306246,0.822807056,0.923229518,0.725317541,0.812393629,0.920296571,0.624108038,0.953042415,,0.521785255,0.16734841,adaboost,random_under,0.696064138,10,83
0.808773953,0.822339511,0.923138034,0.724382451,0.811771384,0.920296571,0.623113557,0.953047992,,0.521856079,0.167416607,adaboost,smote,0.694857819,10,84
0.806777857,0.820611271,0.92296178,0.720720019,0.809398792,0.920502523,0.619405244,0.952099454,,0.525096589,0.168972679,adaboost,class_weight,0.690070235,10,85
0.804382541,0.818807943,0.924589172,0.714641939,0.806170886,0.922973947,0.615162085,0.953060799,,0.518318071,0.166076385,adaboost,smote_enn,0.688409755,10,86
0.802830021,0.817143648,0.922271446,0.713784774,0.804744125,0.920502523,0.612046867,0.952854317,,0.520577208,0.167106772,adaboost,smote_tomek,0.681614404,10,87
0.79861604,0.814544537,0.929199876,0.699524663,0.7981684,0.929564411,0.605049071,0.854740423,,5.467625233,0.183066004,knn,nearmiss,0.628587361,10,88
0.797595813,0.813673462,0.929209051,0.69757656,0.796902123,0.929770364,0.603177295,0.851217549,,5.609747654,0.186171043,knn,smote,0.624437961,10,89
0.796265082,0.812492074,0.928898605,0.695316761,0.795311734,0.929667387,0.600702985,0.852128284,,5.586617142,0.185677786,knn,enn,0.62176584,10,90
0.796353797,0.812582525,0.929002707,0.695394686,0.795400865,0.929770364,0.600876857,0.851492979,,5.610452335,0.186160397,knn,random_over,0.621733023,10,91
0.795998935,0.812270828,0.92894353,0.694771293,0.794971245,0.929770364,0.600219873,0.851862322,,5.579098924,0.185828602,knn,random_under,0.621198968,10,92
0.794845635,0.811257815,0.928750522,0.692745266,0.793572863,0.929770364,0.598085551,0.851349111,,5.604209499,0.187006742,knn,tomek,0.618195378,10,93
0.794845635,0.811257815,0.928750522,0.692745266,0.793572863,0.929770364,0.598085551,0.851120964,,5.613439149,0.187120298,knn,class_weight,0.618067061,10,94
0.797595813,0.813673462,0.929209051,0.69757656,0.796902123,0.929770364,0.603177295,0.82762913,,6.60582489,0.196671398,knn,smote_tomek,0.611163985,10,95
0.79147445,0.808284173,0.928090124,0.686900958,0.789485469,0.929667387,0.591844599,0.818726813,,7.006189438,0.203937189,knn,smote_enn,0.591745229,10,96
0.601446061,0.64878611,0.977419355,0.306943037,0.467176659,0.990629183,0.268018864,0.821199874,,14.14005067,0.398270035,naive_bayes,nearmiss,0.206983453,10,97
0.565338893,0.617271416,0.976444724,0.242266033,0.388212524,0.9922768,0.209252023,0.900929326,,15.60411643,0.434520895,naive_bayes,adasyn,0.142081749,10,98
0.565161462,0.617128094,0.976714915,0.241876412,0.387733433,0.992379776,0.208982275,0.885997605,,15.61712028,0.434823471,naive_bayes,svm_smote,0.136007882,10,99
0.565560681,0.617491278,0.977080063,0.242499805,0.388562867,0.992482752,0.209646675,0.873383967,,15.6259139,0.434446165,naive_bayes,borderline_smote,0.132474412,10,100
0.565117104,0.61718934,0.979120531,0.241175095,0.387020133,0.993203584,0.209051838,0.830896237,,15.64734174,0.434879634,naive_bayes,random_under,0.117051243,10,101
0.564939674,0.616995913,0.978185267,0.241097171,0.386846712,0.992894656,0.208711452,0.81489536,,15.64610992,0.434986296,naive_bayes,tomek,0.109076525,10,102
0.564717885,0.616788577,0.977848101,0.240785475,0.386419058,0.99279168,0.208334598,0.817241473,,15.65326242,0.435211642,naive_bayes,enn,0.108984772,10,103
0.564895316,0.616956951,0.978178368,0.241019247,0.386745858,0.992894656,0.208639616,0.814757663,,15.64795672,0.43501848,naive_bayes,class_weight,0.108895024,10,104
0.564939674,0.616983387,0.977883096,0.241175095,0.386923365,0.99279168,0.20869377,0.813789899,,15.64375245,0.434979477,naive_bayes,smote_tomek,0.108260921,10,105
0.564895316,0.616944425,0.977876106,0.241097171,0.386822529,0.99279168,0.208621932,0.813632763,,15.64572177,0.435019544,naive_bayes,smote,0.108070508,10,106
0.564895316,0.616944425,0.977876106,0.241097171,0.386822529,0.99279168,0.208621932,0.812367264,,15.64739144,0.435022607,naive_bayes,random_over,0.107564124,10,107
0.56520582,0.617129478,0.975824176,0.242188109,0.388063429,0.992070847,0.209001093,0.809523275,,15.57168222,0.434727454,naive_bayes,smote_enn,0.104839534,10,108
