accuracy,balanced_accuracy,precision,recall,f1,specificity,kappa,roc_auc,pr_auc,Model,BalancedMethod,overall_score,metrics_used,Rank
0.838804116,0.786249757,0.872170756,0.838804116,0.836046748,,0.759129529,0.970008472,0.928018922,random_forest,random_under,0.994600172,8,1
0.845723918,0.753882738,0.862017211,0.845723918,0.839495326,,0.768615362,0.961037341,0.91496144,gradient_boosting,random_over,0.984973073,8,2
0.838981547,0.744751378,0.861824139,0.838981547,0.826957675,,0.756910912,0.956506829,0.904727629,gradient_boosting,smote_enn,0.972863817,8,3
0.838183109,0.744707585,0.857607879,0.838183109,0.827737349,,0.755712523,0.955319782,0.904637667,gradient_boosting,smote_tomek,0.97211492,8,4
0.838227466,0.747620242,0.858123825,0.838227466,0.82758887,,0.755860133,0.954494797,0.899119126,gradient_boosting,smote,0.971637769,8,5
0.838848474,0.716143948,0.860895217,0.838848474,0.825485377,,0.758256988,0.967752298,0.928180255,gradient_boosting,svm_smote,0.97140616,8,6
0.832860185,0.725588002,0.860828862,0.832860185,0.81573381,,0.748410368,0.96504405,0.931379224,gradient_boosting,adasyn,0.9686701,8,7
0.820617459,0.771451426,0.835820813,0.820617459,0.825742882,,0.73716164,0.953193433,0.901521058,gradient_boosting,random_under,0.968509164,8,8
0.820661817,0.748954084,0.847797832,0.820661817,0.817689316,,0.735244905,,,sgd,svm_smote,0.963081703,6,9
0.827049326,0.715489712,0.853814156,0.827049326,0.808100366,,0.738517904,0.966491579,0.925665031,gradient_boosting,borderline_smote,0.959309203,8,10
0.818266501,0.737011009,0.853048071,0.818266501,0.81738753,,0.730241408,,,sgd,borderline_smote,0.957903439,6,11
0.81520582,0.731983554,0.820390363,0.81520582,0.806420032,,0.724203613,,,sgd,adasyn,0.946734089,6,12
0.807798084,0.740391948,0.837106538,0.807798084,0.798679867,,0.7094728,0.954681448,0.901073991,extra_trees,random_under,0.945875125,8,13
0.822036906,0.727062436,0.83691867,0.822036906,0.807703289,,0.73324093,0.95063378,0.872452365,logistic_regression,svm_smote,0.945038199,8,14
0.816847055,0.723357104,0.830210682,0.816847055,0.804213611,,0.725818722,0.951679339,0.878166613,logistic_regression,adasyn,0.941443021,8,15
0.804737402,0.728886703,0.834552615,0.804737402,0.797565117,,0.707114429,,,sgd,random_over,0.937882443,6,16
0.813919446,0.717559804,0.833363311,0.813919446,0.797692577,,0.719845834,0.952314818,0.882199644,logistic_regression,borderline_smote,0.937766805,8,17
0.801188786,0.720301647,0.828656784,0.801188786,0.791132052,,0.701031662,,,sgd,smote,0.929913752,6,18
0.801144429,0.718964757,0.83012891,0.801144429,0.791541582,,0.701437871,,,sgd,smote_tomek,0.929817569,6,19
0.80092264,0.720017493,0.827617469,0.80092264,0.790602649,,0.700455076,,,sgd,smote_enn,0.92933452,6,20
0.810503903,0.701672459,0.824677832,0.810503903,0.797082057,,0.714269183,0.946489117,0.876191203,logistic_regression,random_over,0.928737059,8,21
0.809528034,0.705743698,0.826820647,0.809528034,0.794119038,,0.712117848,0.938969147,0.855801646,logistic_regression,smote_enn,0.923243601,8,22
0.809261888,0.704974332,0.828274089,0.809261888,0.793591658,,0.711293838,0.93845915,0.857586119,logistic_regression,smote_tomek,0.923157448,8,23
0.808152945,0.700870491,0.827058185,0.808152945,0.792498711,,0.709216433,0.940869032,0.863474721,logistic_regression,smote,0.922667827,8,24
0.792228531,0.681180328,0.837874783,0.792228531,0.756246863,,0.676291402,0.961446738,0.920995684,extra_trees,adasyn,0.915071904,8,25
0.791075231,0.681265518,0.837258251,0.791075231,0.753854823,,0.674011396,0.956620226,0.922141359,extra_trees,svm_smote,0.913344772,8,26
0.79360362,0.671091447,0.838244753,0.79360362,0.755615364,,0.678208151,0.959254205,0.919669175,extra_trees,smote_enn,0.912251654,8,27
0.778921221,0.726981617,0.84825729,0.778921221,0.800987878,,0.683378422,0.90977449,0.817791892,adaboost,random_under,0.908206368,8,28
0.788946061,0.664151406,0.835934161,0.788946061,0.750505068,,0.670413374,0.962086521,0.924069767,extra_trees,borderline_smote,0.907816304,8,29
0.789567069,0.658505957,0.831961509,0.789567069,0.765923293,,0.672781972,0.956394321,0.90082474,gradient_boosting,tomek,0.904787868,8,30
0.786328957,0.667013586,0.833932583,0.786328957,0.749257188,,0.66581878,0.956895275,0.916037705,extra_trees,smote_tomek,0.904289984,8,31
0.785752307,0.660913687,0.833406744,0.785752307,0.74632907,,0.664848243,0.957701824,0.919013691,extra_trees,smote,0.902268332,8,32
0.795067424,0.694271491,0.822843787,0.795067424,0.774196539,,0.696274435,0.918457622,0.83224795,adaboost,svm_smote,0.900344115,8,33
0.790942158,0.651547953,0.816058762,0.790942158,0.761051559,,0.678942855,0.953566665,0.87311343,logistic_regression,tomek,0.894962394,8,34
0.787704045,0.647336541,0.811559236,0.787704045,0.755538687,,0.673952017,0.954442884,0.878179921,logistic_regression,class_weight,0.891583024,8,35
0.781183463,0.684361575,0.809555034,0.781183463,0.772526824,,0.667022613,0.915991896,0.846702783,adaboost,smote,0.89111629,8,36
0.781183463,0.684361575,0.809555034,0.781183463,0.772526824,,0.667022613,0.915974143,0.846663358,adaboost,smote_tomek,0.89110533,8,37
0.787171753,0.663449966,0.812468061,0.787171753,0.753407291,,0.67310924,0.949807595,0.860223666,logistic_regression,enn,0.890672696,8,38
0.779231725,0.618296591,0.830938213,0.779231725,0.740689929,,0.652212687,0.969512926,0.934067883,random_forest,svm_smote,0.890447366,8,39
0.789079134,0.652434634,0.817361729,0.789079134,0.765830611,,0.678202087,,,sgd,enn,0.889245632,6,40
0.789522711,0.651385013,0.819574401,0.789522711,0.763989,,0.679021829,,,sgd,tomek,0.888807408,6,41
0.774396735,0.628529073,0.82925199,0.774396735,0.738951168,,0.645310741,0.954886989,0.930723002,random_forest,adasyn,0.887570965,8,42
0.827492903,0.664057688,0.840072877,0.827492903,0.814403893,,0.74086597,0.806513385,0.733219806,decision_tree,svm_smote,0.882529293,8,43
0.781893187,0.627876442,0.820737755,0.781893187,0.735219721,,0.65771741,0.956253393,0.894119205,gradient_boosting,enn,0.881633898,8,44
0.772666785,0.623201293,0.825546214,0.772666785,0.727254997,,0.641461071,0.95747118,0.918518773,extra_trees,tomek,0.879388075,8,45
0.770271469,0.609877312,0.823849418,0.770271469,0.734444313,,0.637326734,0.957457749,0.925695294,random_forest,smote,0.877918972,8,46
0.772134493,0.618966907,0.825750623,0.772134493,0.726853925,,0.640255515,0.95644887,0.918660328,extra_trees,class_weight,0.877738047,8,47
0.784465933,0.626560237,0.816285377,0.784465933,0.755860138,,0.670385635,,,sgd,class_weight,0.874141086,6,48
0.771069908,0.620430272,0.813477763,0.771069908,0.718141814,,0.637792647,0.958617935,0.917568687,extra_trees,enn,0.874111357,8,49
0.765170334,0.606026772,0.818294194,0.765170334,0.726089305,,0.630032431,0.961135519,0.927973186,random_forest,smote_enn,0.87274395,8,50
0.767787438,0.611206839,0.820994874,0.767787438,0.720764684,,0.632647684,0.95556268,0.914220282,extra_trees,random_over,0.870284275,8,51
0.765303407,0.600803108,0.81652639,0.765303407,0.72283948,,0.629298684,0.957905402,0.928082547,random_forest,smote_tomek,0.869808248,8,52
0.764105749,0.589219107,0.822889394,0.764105749,0.72270474,,0.626412722,0.962164042,0.933147102,random_forest,borderline_smote,0.868202691,8,53
0.774263662,0.596272096,0.81851824,0.774263662,0.737388753,,0.646461227,0.916601539,0.905262219,gradient_boosting,class_weight,0.866734243,8,54
0.759669979,0.579335774,0.802681384,0.759669979,0.70729532,,0.61670791,0.965966074,0.933908558,random_forest,enn,0.85772814,8,55
0.788236338,0.69002558,0.820957881,0.788236338,0.759051376,,0.674073044,0.828754746,0.716341665,knn,borderline_smote,0.852691146,8,56
0.78992193,0.692945629,0.777669221,0.78992193,0.764319122,,0.680709404,0.8281201,0.709536879,knn,adasyn,0.850732501,8,57
0.757274663,0.556894965,0.809881489,0.757274663,0.706887543,,0.613412438,0.963561357,0.930839741,random_forest,class_weight,0.850120728,8,58
0.788679915,0.690470208,0.775084542,0.788679915,0.762473098,,0.678075416,0.828636673,0.71279872,knn,smote,0.849415768,8,59
0.78876863,0.690862575,0.77597112,0.78876863,0.763242173,,0.678469038,0.828840403,0.710149601,knn,smote_enn,0.849344982,8,60
0.788635557,0.690442302,0.775055748,0.788635557,0.762432831,,0.678012422,0.82860343,0.712548495,knn,smote_tomek,0.849315698,8,61
0.751818666,0.566491893,0.805401514,0.751818666,0.701423906,,0.604382186,0.96166712,0.926129114,random_forest,tomek,0.846853386,8,62
0.783268275,0.680209461,0.813392362,0.783268275,0.753722399,,0.666031358,0.825242841,0.70996259,knn,svm_smote,0.843616505,8,63
0.7908978,0.674028678,0.82545647,0.7908978,0.762205672,,0.678481987,0.803741982,0.679623235,decision_tree,enn,0.839554353,8,64
0.78144961,0.544208514,0.743725277,0.78144961,0.726125828,,0.661934718,0.930248256,0.860263623,adaboost,tomek,0.83905876,8,65
0.745697303,0.545610678,0.788020565,0.745697303,0.694562102,,0.594016329,0.953957977,0.926988463,random_forest,random_over,0.833827956,8,66
0.780828602,0.531064496,0.730001168,0.780828602,0.723962207,,0.657262066,0.927188971,0.859536146,adaboost,class_weight,0.832319547,8,67
0.779852732,0.667714128,0.759471568,0.779852732,0.749921753,,0.663444823,0.817643507,0.695148088,knn,random_over,0.828757824,8,68
0.689584812,0.644719758,0.770783646,0.689584812,0.688864998,,0.546294269,0.946438477,0.875419084,logistic_regression,random_under,0.823374208,8,69
0.729107523,0.645234183,0.78729625,0.729107523,0.729497136,,0.598728465,0.854382016,0.771796317,knn,random_under,0.818711513,8,70
0.78646203,0.606414162,0.799067701,0.78646203,0.749975961,,0.671371351,0.769337879,0.674807178,decision_tree,borderline_smote,0.80756952,8,71
0.769561746,0.593908039,0.795090394,0.769561746,0.730627581,,0.641163782,0.819315795,0.701301883,knn,class_weight,0.802660872,8,72
0.7056423,0.670029692,0.778070971,0.7056423,0.717791341,,0.586392158,0.843896297,0.714021549,naive_bayes,random_under,0.799294262,8,73
0.769561746,0.596865208,0.795101659,0.769561746,0.730645977,,0.641179602,0.807612833,0.680268818,knn,tomek,0.797307262,8,74
0.768985096,0.595762936,0.793782578,0.768985096,0.730354856,,0.640210187,0.798959527,0.666190678,knn,enn,0.792286111,8,75
0.699387864,0.635090986,0.741673379,0.699387864,0.68487829,,0.544004571,0.896431355,0.764450817,adaboost,smote_enn,0.7886747,8,76
0.773642654,0.58508264,0.791312373,0.773642654,0.741426936,,0.652744013,0.757210544,0.657308554,decision_tree,smote_enn,0.787330149,8,77
0.731547197,0.683487032,0.743225929,0.731547197,0.727499834,,0.606049314,0.803058541,0.619972182,decision_tree,random_under,0.786285319,8,78
0.680846345,0.651872648,0.736075831,0.680846345,0.661393753,,0.516124533,0.917088452,0.789188746,adaboost,adasyn,0.78575209,8,79
0.739088006,0.476335111,0.738782157,0.739088006,0.684315841,,0.584719345,0.91863605,0.837715541,adaboost,enn,0.780675867,8,80
0.76716643,0.58011571,0.801060365,0.76716643,0.734631869,,0.64194455,0.753449342,0.649611216,decision_tree,smote_tomek,0.779648698,8,81
0.766811568,0.579147622,0.805656264,0.766811568,0.733788797,,0.640128423,0.752477227,0.649022146,decision_tree,smote,0.778983532,8,82
0.756210078,0.600703838,0.766727839,0.756210078,0.727253148,,0.627369785,0.762955258,0.639387331,decision_tree,adasyn,0.774260483,8,83
0.764105749,0.570729218,0.80398274,0.764105749,0.724787354,,0.631154107,0.746731938,0.644510619,decision_tree,tomek,0.770439634,8,84
0.67321682,0.638273547,0.707212386,0.67321682,0.663500113,,0.499744331,0.893626848,0.779168888,adaboost,random_over,0.770338308,8,85
0.762020937,0.563952396,0.79341476,0.762020937,0.720221704,,0.631117934,0.744082444,0.640521673,decision_tree,random_over,0.764587601,8,86
0.75674237,0.560379719,0.791346496,0.75674237,0.716352234,,0.620943959,0.740961749,0.635902614,decision_tree,class_weight,0.75816858,8,87
0.632629524,0.568012379,0.733781663,0.632629524,0.5897597,,0.425828013,0.897885392,0.78063881,adaboost,borderline_smote,0.713843858,8,88
0.61883428,0.579536684,0.699190119,0.61883428,0.607095253,,0.440524903,,,sgd,random_under,0.699421337,6,89
0.606014904,0.496047903,0.693094513,0.606014904,0.573983846,,0.381653859,0.750160588,0.597495555,naive_bayes,enn,0.613225731,8,90
0.512553229,0.519615351,0.77027702,0.512553229,0.473102215,,0.33027853,,,sgd,nearmiss,0.586793159,6,91
0.484341732,0.427062278,0.626568014,0.484341732,0.489582631,,0.234025032,0.720748531,0.553500618,naive_bayes,smote_enn,0.498880212,8,92
0.477200142,0.423614862,0.623431378,0.477200142,0.484652025,,0.226022557,0.715361797,0.544538576,naive_bayes,smote_tomek,0.490607676,8,93
0.47684528,0.423369685,0.623411455,0.47684528,0.484193556,,0.225416842,0.715189081,0.544135634,naive_bayes,smote,0.490127226,8,94
0.445528744,0.413878642,0.613929967,0.445528744,0.4631518,,0.193101408,0.71391256,0.538562804,naive_bayes,tomek,0.466648284,8,95
0.442290632,0.406628011,0.612304979,0.442290632,0.460806801,,0.188754946,0.713919645,0.538416266,naive_bayes,class_weight,0.462407477,8,96
0.442290632,0.406417849,0.612627868,0.442290632,0.460995497,,0.188854149,0.712001867,0.538611407,naive_bayes,random_over,0.462217129,8,97
0.421886089,0.390331521,0.587432029,0.421886089,0.45891139,,0.169837544,0.691928607,0.511406386,naive_bayes,borderline_smote,0.438157838,8,98
0.426233144,0.377578729,0.587590618,0.426233144,0.45355918,,0.176161777,0.705278447,0.515006751,naive_bayes,adasyn,0.437959415,8,99
0.396247339,0.372845578,0.574789287,0.396247339,0.429919457,,0.143892873,0.683196794,0.4964467,naive_bayes,svm_smote,0.409436515,8,100
0.354063165,0.48164085,0.602969385,0.354063165,0.368784317,,0.193035922,0.684240765,0.437765617,gradient_boosting,nearmiss,0.406653635,8,101
0.147977289,0.385708979,0.81333701,0.147977289,0.131243531,,0.093579073,0.692281093,0.531952536,adaboost,nearmiss,0.285944612,8,102
0.230837473,0.410279877,0.411214776,0.230837473,0.218024802,,0.013702739,0.604671706,0.333904657,decision_tree,nearmiss,0.237934011,8,103
0.145315827,0.388251265,0.255596925,0.145315827,0.083350997,,-0.031544221,0.732905752,0.5357185,extra_trees,nearmiss,0.212711808,8,104
0.15161462,0.387677767,0.239445478,0.15161462,0.098011975,,-0.026339995,0.695643023,0.493472378,random_forest,nearmiss,0.203201161,8,105
0.155251952,0.361362097,0.350756892,0.155251952,0.099226198,,-0.035090538,0.707381079,0.417310147,logistic_regression,nearmiss,0.191756047,8,106
0.164079134,0.369971015,0.436667888,0.164079134,0.121450829,,-0.031197779,0.601324261,0.336491407,knn,nearmiss,0.178690315,8,107
0.02217885,0.210104458,0.018205942,0.02217885,0.018656578,,-0.105676102,0.494100325,0.313713634,naive_bayes,nearmiss,0,8,108
